{"cameraMode":{"drawMode":0,"name":"Shaded","section":"Shading Mode"},"sceneLighting":false,"audioPlay":false,"sceneViewState":{"m_AlwaysRefresh":false,"showFog":true,"showSkybox":true,"showFlares":true,"showImageEffects":true,"showParticleSystems":true,"showVisualEffectGraphs":true,"m_FxEnabled":true},"in2DMode":false,"pivot":{"x":300.1143798828125,"y":164.11534118652345,"z":-22.35557746887207},"rotation":{"x":-0.4928770661354065,"y":-0.005139768123626709,"z":0.0029119241517037155,"w":-0.8700847029685974},"size":0.08119802922010422,"orthographic":false}