{"cameraMode":{"drawMode":0,"name":"Shaded","section":"Shading Mode"},"sceneLighting":false,"audioPlay":false,"sceneViewState":{"m_AlwaysRefresh":false,"showFog":true,"showSkybox":true,"showFlares":true,"showImageEffects":true,"showParticleSystems":true,"showVisualEffectGraphs":true,"m_FxEnabled":true},"in2DMode":false,"pivot":{"x":303.3695068359375,"y":149.69100952148438,"z":-15.909873008728028},"rotation":{"x":-0.4928770661354065,"y":-0.005139768123626709,"z":0.0029119241517037155,"w":-0.8700847029685974},"size":9.274245262145996,"orthographic":false}